Sensor_ID,Temperatura_C,Humedad_Relativa_Porc,Radiacion_Solar_W_m2,Velocidad_Viento_kmh,Presion_Atmosferica_hPa,Nivel_CO2_ppm,Bateria_Sensor_Porc,Presencia_Hongo
SEN-03,15.7,75.2,124.0,3.63,1012.8,410.0,48.0,0
SEN-01,21.5,85.2,122.0,1.89,1013.9,382.0,83.0,0
SEN-01,19.3,94.4,234.0,4.76,1013.6,428.0,41.0,0
SEN-03,18.0,90.5,122.0,5.14,1013.6,357.0,21.0,1
SEN-02,13.6,92.6,126.0,5.48,1010.4,416.0,94.0,0
SEN-03,13.6,88.4,209.0,4.48,1010.8,431.0,49.0,0
SEN-03,12.6,89.4,156.0,4.27,1012.2,417.0,82.0,0
SEN-02,20.7,93.8,212.0,1.58,1013.5,400.0,39.0,0
SEN-03,18.0,77.0,91.0,2.18,1008.9,445.0,70.0,0
SEN-03,19.1,83.7,163.0,2.83,1009.8,380.0,89.0,0
SEN-03,12.2,76.2,86.0,4.37,1008.8,352.0,19.0,0
SEN-02,21.7,97.7,91.0,5.07,1011.7,393.0,86.0,0
SEN-01,20.3,96.4,234.0,1.45,1009.8,353.0,64.0,0
SEN-01,14.1,71.1,104.0,5.11,1010.0,445.0,67.0,0
SEN-02,13.8,89.8,171.0,3.98,1008.4,371.0,59.0,0
SEN-01,13.8,95.9,150.0,3.55,1010.1,429.0,89.0,0
SEN-03,15.0,75.1,139.0,1.5,1013.2,427.0,19.0,0
SEN-01,17.2,85.9,233.0,0.78,1009.4,372.0,37.0,1
SEN-03,16.3,95.6,84.0,3.34,1012.2,412.0,89.0,1
SEN-01,14.9,71.0,193.0,3.76,1011.8,355.0,79.0,0
SEN-02,18.1,89.5,244.0,1.55,1013.2,398.0,16.0,0
SEN-01,13.4,78.3,175.0,3.28,1008.8,351.0,59.0,0
SEN-01,14.9,95.9,239.0,4.78,1013.9,442.0,60.0,0
SEN-01,15.7,97.2,89.0,4.68,1011.5,448.0,49.0,1
SEN-02,16.6,96.4,151.0,5.14,1014.0,372.0,40.0,1
SEN-01,19.9,83.3,124.0,2.33,1013.5,371.0,73.0,0
SEN-02,14.0,94.1,204.0,2.09,1009.3,425.0,33.0,0
SEN-03,17.1,93.6,247.0,4.25,1008.3,375.0,83.0,1
SEN-01,17.9,78.9,124.0,2.66,1009.5,440.0,83.0,0
SEN-02,12.5,93.2,191.0,0.94,1011.2,407.0,50.0,0
SEN-02,18.1,71.0,114.0,1.91,1009.0,385.0,39.0,0
SEN-01,13.7,86.7,176.0,2.59,1009.0,433.0,39.0,0
SEN-03,12.7,76.4,159.0,1.96,1010.8,399.0,56.0,0
SEN-02,21.5,73.4,245.0,2.16,1008.2,441.0,76.0,0
SEN-01,21.7,72.2,183.0,1.97,1008.7,443.0,46.0,0
SEN-03,20.1,89.5,139.0,0.71,1010.5,367.0,67.0,0
SEN-02,15.0,79.5,99.0,3.69,1008.4,350.0,48.0,0
SEN-02,13.0,90.3,106.0,3.49,1010.4,448.0,41.0,0
SEN-03,18.8,71.8,118.0,3.77,1010.8,441.0,17.0,0
SEN-03,16.4,78.8,123.0,1.46,1010.7,356.0,15.0,0
SEN-01,13.2,85.1,225.0,1.98,1013.2,433.0,34.0,0
SEN-01,17.0,92.1,175.0,3.6,1011.2,396.0,50.0,1
SEN-02,12.3,78.9,169.0,3.5,1010.8,376.0,87.0,0
SEN-03,21.1,87.5,100.0,3.03,1010.5,438.0,83.0,0
SEN-03,14.6,94.8,226.0,2.25,1012.9,370.0,38.0,0
SEN-03,18.6,87.2,203.0,5.06,1013.4,445.0,36.0,0
SEN-02,15.1,76.5,92.0,2.2,1013.1,371.0,34.0,0
SEN-03,17.2,70.7,200.0,2.78,1012.0,411.0,44.0,0
SEN-03,17.5,94.4,172.0,3.89,1008.8,372.0,57.0,1
SEN-02,13.8,70.6,94.0,3.22,1009.7,405.0,52.0,0
SEN-01,21.7,94.5,158.0,2.23,1008.3,418.0,34.0,0
SEN-01,19.8,84.8,162.0,2.68,1013.6,369.0,26.0,0
SEN-02,21.4,96.3,108.0,4.47,1012.0,402.0,16.0,0
SEN-03,20.9,92.4,241.0,1.89,1012.5,397.0,28.0,0
SEN-02,18.0,97.9,224.0,1.21,1009.9,357.0,75.0,1
SEN-01,21.2,79.8,194.0,2.07,1013.1,432.0,36.0,0
SEN-01,12.9,91.5,159.0,4.75,1009.6,384.0,55.0,0
SEN-02,14.0,81.3,150.0,0.94,1008.0,407.0,65.0,0
SEN-02,12.5,83.4,191.0,5.46,1010.3,401.0,90.0,0
SEN-01,15.3,87.6,173.0,3.21,1011.4,401.0,91.0,1
SEN-02,15.9,94.5,91.0,5.42,1010.9,361.0,78.0,1
SEN-01,14.7,97.6,167.0,5.19,1013.2,392.0,18.0,0
SEN-02,20.3,91.5,217.0,2.76,1008.6,395.0,64.0,0
SEN-02,15.6,81.7,158.0,1.49,1011.3,423.0,82.0,0
SEN-02,14.8,81.8,89.0,1.32,1011.1,434.0,16.0,0
SEN-01,17.4,90.7,214.0,1.7,1009.7,404.0,62.0,1
SEN-02,13.4,76.7,114.0,4.05,1012.9,359.0,88.0,0
SEN-01,20.0,73.1,124.0,1.86,1012.5,374.0,55.0,0
SEN-01,12.7,79.9,108.0,2.21,1012.4,366.0,15.0,0
SEN-02,21.9,78.0,136.0,2.74,1013.3,362.0,16.0,0
SEN-02,19.7,78.3,209.0,5.07,1012.3,387.0,50.0,0
SEN-01,14.0,76.5,168.0,1.45,1009.4,373.0,28.0,0
SEN-01,12.1,71.2,115.0,0.53,1012.2,372.0,71.0,0
SEN-03,20.2,70.5,229.0,0.8,1009.8,355.0,75.0,0
SEN-01,19.1,97.7,230.0,5.02,1009.5,352.0,30.0,0
SEN-03,19.3,82.0,228.0,3.74,1008.4,360.0,91.0,0
SEN-03,19.7,80.8,121.0,1.87,1012.5,367.0,53.0,0
SEN-03,12.7,89.0,157.0,1.39,1012.3,393.0,27.0,0
SEN-02,15.6,76.1,247.0,1.97,1009.4,401.0,80.0,0
SEN-02,13.2,96.6,211.0,1.07,1012.5,364.0,82.0,0
SEN-01,20.6,92.0,85.0,5.21,1013.5,392.0,69.0,0
SEN-03,18.2,72.5,91.0,4.42,1008.6,384.0,88.0,0
SEN-02,15.3,81.7,159.0,2.81,1009.4,368.0,78.0,0
SEN-02,12.6,94.6,235.0,4.82,1012.5,351.0,90.0,0
SEN-02,15.1,96.5,172.0,1.75,1009.6,397.0,52.0,1
SEN-02,15.3,83.1,165.0,4.09,1011.7,419.0,79.0,0
SEN-02,19.3,87.2,98.0,4.78,1008.5,373.0,100.0,0
SEN-03,18.4,74.7,192.0,2.28,1010.7,363.0,77.0,0
SEN-03,20.9,97.8,220.0,4.29,1012.4,439.0,25.0,0
SEN-03,16.7,76.5,145.0,1.98,1012.1,378.0,59.0,0
SEN-03,13.2,96.4,212.0,1.99,1012.9,372.0,65.0,0
SEN-01,19.1,88.2,244.0,1.04,1013.3,436.0,30.0,0
SEN-03,19.6,87.0,115.0,2.7,1012.6,432.0,97.0,0
SEN-02,17.6,84.4,169.0,4.15,1012.0,395.0,30.0,0
SEN-03,19.7,76.5,129.0,5.2,1008.2,399.0,30.0,0
SEN-01,16.9,74.9,215.0,3.52,1011.2,372.0,93.0,0
SEN-02,17.2,76.2,178.0,4.82,1008.2,358.0,55.0,0
SEN-03,16.3,75.2,188.0,4.61,1012.8,407.0,20.0,0
SEN-03,12.3,91.8,216.0,1.37,1009.9,360.0,66.0,0
SEN-03,13.1,79.8,147.0,2.93,1011.4,395.0,66.0,0
SEN-02,12.3,71.6,236.0,1.08,1009.7,444.0,20.0,0
SEN-02,18.4,97.1,171.0,3.91,1012.7,445.0,98.0,0
SEN-01,15.1,94.7,107.0,5.25,1013.3,374.0,61.0,1
SEN-02,17.1,96.0,198.0,1.19,1010.4,412.0,63.0,1
SEN-02,21.1,97.9,215.0,4.17,1013.2,397.0,59.0,0
SEN-03,14.5,74.9,134.0,3.66,1009.6,438.0,67.0,0
SEN-02,16.1,81.1,226.0,3.42,1011.2,377.0,37.0,0
SEN-03,19.6,91.2,234.0,2.45,1013.2,350.0,39.0,0
SEN-03,14.3,89.5,127.0,2.28,1010.0,366.0,58.0,0
SEN-02,12.8,74.3,247.0,0.73,1013.7,385.0,84.0,0
SEN-01,14.9,92.8,104.0,1.59,1008.7,382.0,19.0,0
SEN-01,13.6,76.3,114.0,0.58,1008.1,429.0,66.0,0
SEN-02,21.3,76.3,111.0,3.41,1013.4,418.0,84.0,0
SEN-01,20.1,85.0,232.0,1.03,1008.4,380.0,28.0,0
SEN-03,18.3,86.6,191.0,4.87,1014.0,396.0,16.0,0
SEN-03,20.7,86.2,106.0,3.12,1013.7,360.0,42.0,0
SEN-02,20.0,72.6,155.0,4.0,1008.8,440.0,65.0,0
SEN-01,13.9,94.6,185.0,2.55,1011.2,444.0,27.0,0
SEN-01,20.9,77.4,94.0,3.3,1009.1,448.0,51.0,0
SEN-03,17.4,73.6,230.0,5.21,1010.6,437.0,62.0,0
SEN-02,20.1,94.9,217.0,0.91,1008.4,367.0,66.0,0
SEN-01,21.0,96.8,166.0,1.77,1009.3,355.0,38.0,0
SEN-02,15.2,94.1,244.0,4.4,1010.2,408.0,49.0,1
SEN-01,13.1,92.7,151.0,0.99,1010.6,441.0,81.0,0
SEN-03,14.3,88.3,247.0,0.88,1013.9,368.0,95.0,0
SEN-03,16.3,85.4,194.0,2.31,1012.8,351.0,88.0,1
SEN-02,20.2,72.4,188.0,0.96,1012.4,431.0,63.0,0
SEN-03,20.6,81.4,108.0,3.43,1011.2,358.0,50.0,0
SEN-01,12.1,80.4,230.0,1.63,1013.0,391.0,43.0,0
SEN-03,17.1,77.3,153.0,4.98,1010.0,418.0,26.0,0
SEN-02,16.2,90.3,108.0,4.42,1012.3,374.0,24.0,1
SEN-02,14.2,83.9,82.0,4.0,1014.0,358.0,74.0,0
SEN-02,13.2,72.3,175.0,3.58,1009.9,427.0,37.0,0
SEN-01,15.4,76.2,170.0,4.82,1012.0,413.0,37.0,0
SEN-01,21.4,89.1,202.0,1.62,1013.1,449.0,100.0,0
SEN-01,15.2,72.1,231.0,4.87,1013.5,384.0,31.0,0
SEN-01,17.2,93.8,93.0,4.45,1012.3,356.0,28.0,1
SEN-01,19.0,83.9,204.0,4.24,1009.7,423.0,23.0,0
SEN-03,15.6,83.5,112.0,3.31,1010.0,402.0,64.0,0
SEN-01,21.7,86.6,226.0,1.73,1008.1,371.0,68.0,0
SEN-01,21.6,93.1,219.0,2.62,1012.6,428.0,46.0,0
SEN-03,14.5,79.7,172.0,4.47,1008.3,370.0,61.0,0
SEN-01,17.0,89.0,201.0,0.66,1013.2,376.0,82.0,1
SEN-02,15.0,85.8,133.0,4.41,1008.7,359.0,85.0,1
SEN-01,14.8,77.5,160.0,1.7,1009.0,390.0,96.0,0
SEN-01,12.4,94.6,220.0,1.22,1010.9,392.0,85.0,0
SEN-02,18.1,92.3,158.0,1.08,1012.4,401.0,63.0,0
SEN-02,17.0,88.4,141.0,0.64,1008.8,421.0,30.0,1
SEN-02,12.5,93.8,164.0,3.12,1010.6,441.0,23.0,0
SEN-02,14.8,94.3,221.0,1.59,1010.9,364.0,20.0,0
SEN-01,21.1,89.8,137.0,5.45,1009.3,355.0,72.0,0
SEN-02,14.4,93.4,110.0,3.37,1008.7,352.0,84.0,0
SEN-02,13.4,89.5,201.0,1.19,1013.0,364.0,58.0,0
SEN-03,16.9,89.0,220.0,3.94,1011.0,416.0,20.0,1
SEN-02,21.9,87.3,97.0,4.99,1008.1,423.0,61.0,0
SEN-02,14.4,91.1,121.0,4.23,1012.8,429.0,95.0,0
SEN-03,18.7,74.4,104.0,0.88,1013.9,374.0,66.0,0
SEN-03,19.6,94.7,139.0,4.98,1011.6,381.0,84.0,0
SEN-01,14.4,94.4,157.0,4.47,1011.0,398.0,83.0,0
SEN-03,19.3,70.8,207.0,1.29,1013.3,356.0,94.0,0
SEN-01,15.7,93.1,191.0,0.76,1013.7,411.0,80.0,1
SEN-03,18.3,73.6,186.0,3.29,1012.5,448.0,79.0,0
SEN-03,18.3,79.4,140.0,1.28,1010.7,386.0,35.0,0
SEN-01,17.4,90.8,223.0,4.67,1011.6,425.0,20.0,1
SEN-03,12.9,74.5,160.0,2.29,1012.2,400.0,59.0,0
SEN-01,20.4,92.9,246.0,5.06,1009.2,363.0,26.0,0
SEN-03,15.2,93.3,188.0,3.33,1010.7,408.0,97.0,1
SEN-02,13.9,84.2,101.0,1.41,1013.0,380.0,40.0,0
SEN-03,12.4,70.2,195.0,1.2,1011.9,353.0,88.0,0
SEN-01,17.9,78.0,135.0,3.38,1010.5,413.0,48.0,0
SEN-03,18.8,87.3,197.0,4.31,1012.0,436.0,42.0,0
SEN-01,12.2,97.5,92.0,4.41,1008.7,384.0,94.0,0
SEN-01,17.1,87.7,110.0,1.88,1010.4,389.0,46.0,1
SEN-02,14.3,77.3,225.0,1.52,1012.8,439.0,48.0,0
SEN-02,18.5,87.8,119.0,0.58,1009.3,431.0,24.0,0
SEN-01,13.7,85.1,222.0,3.9,1009.1,421.0,72.0,0
SEN-03,18.9,91.8,127.0,0.88,1013.7,375.0,40.0,0
SEN-01,15.9,73.0,189.0,2.6,1009.3,441.0,65.0,0
SEN-01,21.4,91.3,198.0,3.51,1009.6,365.0,65.0,0
SEN-03,13.4,85.2,167.0,5.19,1013.8,413.0,76.0,0
SEN-03,15.4,97.0,132.0,2.06,1012.4,353.0,78.0,1
SEN-03,13.1,79.6,116.0,1.75,1012.2,414.0,59.0,0
SEN-03,21.2,87.7,86.0,3.77,1013.1,378.0,43.0,0
SEN-01,20.8,96.1,132.0,3.6,1008.7,395.0,86.0,0
SEN-01,14.6,72.9,191.0,2.16,1012.2,385.0,41.0,0
SEN-02,18.6,96.2,240.0,5.14,1011.0,367.0,58.0,0
SEN-01,20.2,89.3,228.0,4.72,1013.0,412.0,49.0,0
SEN-03,17.6,71.9,210.0,1.62,1011.0,438.0,88.0,0
SEN-02,17.3,78.4,214.0,1.7,1011.7,446.0,52.0,0
SEN-03,14.4,89.8,193.0,3.06,1010.9,369.0,48.0,0
SEN-01,12.9,71.9,124.0,4.37,1010.9,422.0,74.0,0
SEN-02,21.0,86.3,234.0,0.72,1012.6,416.0,66.0,0
SEN-03,21.0,79.7,194.0,3.97,1011.8,384.0,24.0,0
SEN-02,18.3,87.4,175.0,3.74,1011.8,352.0,58.0,0
SEN-02,15.4,71.3,99.0,1.66,1010.7,419.0,78.0,0
SEN-01,15.5,94.4,156.0,3.91,1011.2,445.0,99.0,1
SEN-03,19.3,97.3,158.0,5.2,1012.5,413.0,68.0,0
SEN-02,21.0,97.1,227.0,0.73,1013.0,394.0,46.0,0
SEN-02,20.9,91.0,173.0,2.1,1012.2,403.0,34.0,0
SEN-03,19.8,73.6,145.0,2.69,1013.5,370.0,89.0,0
SEN-02,18.4,91.2,246.0,5.0,1012.9,425.0,84.0,0
SEN-02,12.8,70.7,99.0,5.31,1011.4,425.0,35.0,0
SEN-02,13.6,70.6,152.0,2.72,1012.0,365.0,32.0,0
SEN-03,21.0,79.1,87.0,4.25,1013.6,438.0,76.0,0
SEN-03,18.1,83.7,206.0,3.16,1011.7,377.0,42.0,0
SEN-03,12.1,91.6,236.0,3.19,1012.9,448.0,41.0,0
SEN-03,13.0,89.1,128.0,1.89,1012.1,388.0,28.0,0
SEN-01,18.6,82.5,226.0,1.58,1011.3,368.0,37.0,0
SEN-02,12.1,77.7,130.0,1.94,1009.5,385.0,51.0,0
SEN-03,13.6,97.9,235.0,3.28,1010.6,394.0,77.0,0
SEN-02,17.5,81.9,208.0,0.65,1013.8,357.0,44.0,0
SEN-02,18.9,82.6,217.0,5.04,1011.9,408.0,43.0,0
SEN-01,18.5,74.6,83.0,1.28,1011.4,410.0,39.0,0
SEN-03,14.2,92.3,244.0,1.6,1013.6,424.0,56.0,0
SEN-03,19.1,89.4,204.0,3.09,1011.5,353.0,30.0,0
SEN-02,14.4,76.2,132.0,4.05,1011.2,404.0,56.0,0
SEN-03,15.3,72.3,221.0,0.98,1012.6,355.0,75.0,0
SEN-02,19.5,89.1,128.0,2.09,1012.3,420.0,18.0,0
SEN-02,18.5,88.3,228.0,5.34,1009.2,356.0,16.0,0
SEN-01,20.5,77.7,99.0,1.81,1010.8,441.0,21.0,0
SEN-01,18.6,96.6,200.0,2.07,1010.8,420.0,61.0,0
SEN-01,17.7,74.2,172.0,4.68,1010.3,401.0,88.0,0
SEN-02,12.9,82.1,96.0,0.75,1011.1,394.0,15.0,0
SEN-03,15.7,96.4,121.0,2.82,1010.5,363.0,95.0,1
SEN-01,14.7,81.8,82.0,2.4,1009.2,379.0,24.0,0
SEN-03,14.4,87.9,160.0,2.08,1010.5,437.0,87.0,0
SEN-01,21.7,81.1,131.0,1.93,1008.4,440.0,56.0,0
SEN-01,15.9,77.7,182.0,0.96,1011.5,350.0,71.0,0
SEN-02,20.9,97.6,131.0,2.07,1013.1,409.0,58.0,0
SEN-01,18.3,81.5,131.0,0.72,1012.4,422.0,56.0,0
SEN-01,19.9,95.0,206.0,4.4,1010.2,412.0,86.0,0
SEN-02,17.0,76.4,88.0,2.49,1008.5,358.0,79.0,0
SEN-03,17.8,76.0,233.0,2.72,1009.2,372.0,56.0,0
SEN-01,16.9,70.9,225.0,4.97,1011.3,375.0,24.0,0
SEN-02,14.0,88.2,194.0,3.79,1009.2,433.0,25.0,0
SEN-01,19.2,80.3,181.0,0.54,1011.3,396.0,83.0,0
SEN-02,14.8,94.2,232.0,5.22,1009.4,399.0,60.0,0
SEN-03,12.2,83.2,112.0,1.69,1013.1,443.0,56.0,0
SEN-03,18.5,97.1,93.0,1.04,1010.4,414.0,73.0,0
SEN-02,13.8,75.2,121.0,4.34,1009.5,440.0,88.0,0
SEN-02,21.4,94.3,215.0,3.0,1012.9,396.0,68.0,0
SEN-02,21.5,91.7,86.0,2.67,1010.1,365.0,80.0,0
SEN-03,21.1,91.6,179.0,1.75,1008.7,443.0,80.0,0
SEN-01,15.7,93.7,249.0,3.24,1011.4,396.0,45.0,1
SEN-03,12.2,91.3,225.0,1.87,1011.5,368.0,38.0,0
SEN-02,21.3,87.5,169.0,5.01,1012.3,380.0,83.0,0
SEN-02,16.3,73.7,91.0,1.58,1009.4,355.0,47.0,0
SEN-03,21.7,70.9,221.0,4.92,1010.7,397.0,92.0,0
SEN-02,21.6,95.8,182.0,3.3,1009.7,435.0,21.0,0
SEN-03,20.5,87.3,100.0,4.64,1008.5,443.0,20.0,0
SEN-02,14.9,92.3,96.0,4.06,1013.3,443.0,94.0,0
SEN-01,15.9,83.5,235.0,3.98,1012.4,363.0,70.0,0
SEN-01,20.5,73.3,194.0,2.12,1009.8,388.0,47.0,0
SEN-02,15.2,73.5,221.0,1.67,1011.6,353.0,79.0,0
SEN-03,13.7,89.2,229.0,1.55,1009.2,436.0,72.0,0
SEN-01,17.6,82.0,177.0,4.79,1013.3,386.0,60.0,0
SEN-03,21.4,75.6,168.0,4.6,1008.7,413.0,23.0,0
SEN-02,19.0,83.8,153.0,2.7,1008.0,421.0,84.0,0
SEN-03,17.7,71.8,134.0,1.16,1011.0,393.0,89.0,0
SEN-01,13.0,86.3,154.0,2.41,1011.5,381.0,30.0,0
SEN-03,18.2,77.5,212.0,3.6,1011.5,446.0,87.0,0
SEN-03,21.9,92.3,182.0,2.77,1008.3,446.0,90.0,0
SEN-02,13.4,78.7,232.0,4.4,1009.9,379.0,62.0,0
SEN-02,17.2,82.7,155.0,5.49,1011.0,398.0,71.0,0
SEN-02,20.8,70.3,183.0,1.46,1009.3,447.0,47.0,0
SEN-01,19.4,72.0,187.0,2.8,1013.2,350.0,39.0,0
SEN-01,19.0,81.0,181.0,2.65,1008.5,391.0,76.0,0
SEN-02,19.0,83.4,199.0,2.02,1010.9,360.0,88.0,0
SEN-02,15.6,86.8,120.0,1.49,1012.1,401.0,71.0,1
SEN-01,14.9,78.2,167.0,0.83,1009.6,352.0,58.0,0
SEN-01,20.1,89.5,98.0,4.94,1011.7,391.0,29.0,0
SEN-01,20.1,94.1,145.0,2.6,1013.0,372.0,20.0,0
SEN-01,20.7,91.8,163.0,2.98,1009.1,403.0,53.0,0
SEN-02,21.1,71.1,191.0,5.08,1013.5,450.0,19.0,0
SEN-01,17.1,83.5,242.0,4.38,1011.3,430.0,63.0,0
SEN-02,17.0,72.9,182.0,1.15,1009.8,435.0,48.0,0
SEN-03,20.0,76.8,206.0,3.33,1010.6,414.0,79.0,0
SEN-03,18.5,97.6,166.0,2.71,1009.9,354.0,41.0,0
SEN-01,19.0,74.0,188.0,4.49,1012.4,371.0,65.0,0
SEN-03,20.0,84.0,92.0,4.12,1012.8,443.0,61.0,0
SEN-03,20.9,87.3,123.0,3.95,1013.0,387.0,15.0,0
SEN-03,15.4,89.7,142.0,2.2,1013.9,360.0,21.0,1
SEN-01,15.8,85.7,160.0,4.52,1012.7,420.0,40.0,1
SEN-01,12.9,70.3,88.0,0.76,1011.6,380.0,90.0,0
SEN-03,17.8,79.1,104.0,1.3,1010.0,377.0,27.0,0
SEN-02,12.4,84.5,127.0,2.18,1011.3,450.0,75.0,0
SEN-03,16.7,72.5,245.0,0.88,1008.2,436.0,98.0,0
SEN-01,17.4,79.8,136.0,1.67,1012.5,391.0,82.0,0
SEN-01,14.9,70.9,162.0,4.65,1010.7,448.0,36.0,0
SEN-01,17.9,72.2,113.0,5.24,1008.1,415.0,92.0,0
SEN-03,12.3,81.1,184.0,2.02,1008.4,424.0,23.0,0
SEN-02,12.4,73.7,128.0,1.82,1010.3,353.0,55.0,0
SEN-01,20.2,85.9,115.0,1.9,1011.5,362.0,90.0,0
SEN-01,15.6,89.3,168.0,1.89,1010.8,413.0,70.0,1
SEN-03,13.3,92.4,81.0,0.68,1011.7,440.0,50.0,0
SEN-02,17.2,75.6,81.0,5.13,1010.9,412.0,40.0,0
SEN-03,19.7,74.7,117.0,1.57,1012.0,363.0,47.0,0
SEN-01,14.2,72.9,86.0,2.6,1009.3,362.0,58.0,0
SEN-02,18.2,87.8,98.0,0.55,1008.7,434.0,42.0,0
SEN-02,12.9,89.8,138.0,4.79,1011.6,364.0,97.0,0
SEN-01,12.5,70.9,216.0,4.16,1010.9,402.0,94.0,0
SEN-02,17.3,96.2,177.0,5.23,1008.2,354.0,89.0,1
SEN-02,17.4,71.5,167.0,4.41,1010.3,358.0,51.0,0
SEN-03,18.4,85.2,130.0,2.07,1008.6,417.0,74.0,0
SEN-01,19.3,89.9,238.0,1.74,1011.2,419.0,92.0,0
SEN-01,21.8,94.4,147.0,3.99,1010.4,384.0,87.0,0
SEN-01,17.2,90.0,95.0,2.32,1011.7,372.0,50.0,1
SEN-01,15.2,92.4,185.0,3.33,1012.8,431.0,25.0,1
SEN-01,20.0,79.5,99.0,0.53,1009.8,372.0,21.0,0
SEN-02,14.7,92.8,139.0,0.81,1013.8,404.0,64.0,0
SEN-03,16.4,72.2,166.0,3.18,1011.2,447.0,70.0,0
SEN-01,12.8,95.1,229.0,3.33,1011.7,365.0,87.0,0
SEN-03,12.3,85.3,164.0,4.26,1012.1,444.0,40.0,0
SEN-03,21.6,92.9,199.0,1.16,1012.0,368.0,29.0,0
SEN-02,20.4,82.7,249.0,3.07,1011.1,407.0,47.0,0
SEN-01,19.0,88.0,102.0,1.47,1010.6,388.0,45.0,0
SEN-02,16.1,84.7,127.0,0.97,1008.3,446.0,26.0,0
SEN-01,13.7,90.5,147.0,2.55,1008.1,377.0,72.0,0
SEN-02,13.6,72.3,152.0,1.32,1010.1,390.0,58.0,0
SEN-03,14.5,71.7,150.0,1.61,1010.0,448.0,76.0,0
SEN-01,17.5,76.9,234.0,2.09,1010.3,404.0,45.0,0
SEN-03,19.1,74.5,201.0,1.8,1008.8,400.0,43.0,0
SEN-03,18.6,94.4,183.0,0.94,1012.4,376.0,55.0,0
SEN-02,14.8,76.1,133.0,0.95,1013.1,420.0,90.0,0
SEN-01,21.5,97.3,220.0,1.47,1013.6,351.0,18.0,0
SEN-03,19.4,79.4,242.0,0.75,1011.0,355.0,83.0,0
SEN-02,17.5,75.1,220.0,3.63,1012.2,410.0,46.0,0
SEN-01,18.1,92.1,80.0,1.94,1013.1,384.0,88.0,0
SEN-01,16.2,88.4,188.0,1.9,1010.5,445.0,83.0,1
SEN-03,14.5,83.9,89.0,2.16,1009.9,440.0,45.0,0
SEN-01,15.6,85.6,124.0,3.81,1013.6,421.0,74.0,1
SEN-03,19.6,90.1,90.0,4.85,1011.1,432.0,29.0,0
SEN-01,12.1,76.4,183.0,4.3,1011.0,417.0,91.0,0
SEN-02,13.2,97.9,197.0,4.14,1009.1,363.0,49.0,0
SEN-03,12.5,97.3,99.0,2.92,1008.6,427.0,54.0,0
SEN-03,12.4,88.2,145.0,3.97,1013.1,371.0,75.0,0
SEN-01,20.6,75.6,158.0,3.26,1011.7,382.0,85.0,0
SEN-01,19.0,89.0,143.0,1.58,1010.0,432.0,35.0,0
SEN-03,16.7,72.0,101.0,1.54,1009.2,404.0,71.0,0
SEN-01,13.0,70.9,151.0,1.98,1011.3,436.0,48.0,0
SEN-02,16.9,77.2,208.0,5.05,1011.5,371.0,46.0,0
SEN-01,16.7,83.0,92.0,3.24,1009.2,411.0,74.0,0
SEN-02,13.7,94.3,94.0,4.17,1013.1,358.0,48.0,0
SEN-02,16.3,90.4,140.0,2.23,1008.5,414.0,44.0,1
SEN-02,16.0,90.8,240.0,2.54,1010.1,426.0,86.0,1
SEN-02,18.2,81.9,194.0,1.13,1012.1,408.0,24.0,0
SEN-02,18.4,79.7,195.0,1.36,1009.6,377.0,72.0,0
SEN-01,12.5,80.4,142.0,4.64,1013.0,353.0,36.0,0
SEN-02,15.7,97.7,181.0,3.42,1012.4,362.0,16.0,1
SEN-01,18.3,71.1,82.0,2.19,1012.7,412.0,29.0,0
SEN-02,17.0,94.3,188.0,4.51,1008.7,443.0,67.0,1
SEN-03,20.6,86.2,235.0,1.73,1008.8,371.0,75.0,0
SEN-02,18.6,82.3,184.0,5.38,1009.7,424.0,17.0,0
SEN-03,13.6,90.3,229.0,2.22,1011.1,437.0,18.0,0
SEN-02,12.7,83.6,203.0,2.19,1012.5,402.0,92.0,0
SEN-02,18.4,94.5,100.0,2.06,1013.0,417.0,21.0,0
SEN-02,12.3,95.2,233.0,1.11,1012.2,432.0,91.0,0
SEN-03,17.9,81.8,91.0,1.06,1013.6,376.0,34.0,0
SEN-03,21.4,77.8,171.0,3.74,1012.4,380.0,78.0,0
SEN-02,17.8,86.6,104.0,4.88,1009.8,350.0,41.0,1
SEN-01,15.9,95.5,82.0,4.45,1009.6,446.0,88.0,1
SEN-02,18.4,75.9,152.0,1.21,1012.2,442.0,75.0,0
SEN-03,16.6,87.4,130.0,3.23,1009.2,426.0,49.0,1
SEN-02,17.5,87.7,163.0,1.03,1008.6,358.0,21.0,1
SEN-03,21.4,90.5,178.0,0.73,1011.2,395.0,77.0,0
SEN-03,15.9,73.7,87.0,3.78,1012.9,360.0,67.0,0
SEN-03,21.6,90.0,101.0,3.18,1008.6,352.0,15.0,0
SEN-02,21.1,95.5,175.0,0.91,1012.8,412.0,16.0,0
SEN-03,14.0,75.0,138.0,0.67,1012.9,446.0,84.0,0
SEN-03,12.7,76.7,204.0,5.45,1010.9,440.0,37.0,0
SEN-02,13.0,97.2,191.0,0.65,1008.3,420.0,69.0,0
SEN-03,12.2,75.1,224.0,2.72,1009.0,360.0,54.0,0
SEN-02,12.9,93.9,198.0,3.02,1012.2,377.0,88.0,0
SEN-03,18.8,83.8,153.0,1.09,1012.3,382.0,93.0,0
SEN-01,12.7,76.9,194.0,1.35,1013.4,426.0,100.0,0
SEN-01,15.2,94.4,127.0,2.26,1011.5,430.0,28.0,1
SEN-03,20.4,82.5,132.0,4.31,1008.7,389.0,88.0,0
SEN-01,12.2,84.4,214.0,3.04,1008.7,392.0,38.0,0
SEN-02,20.1,80.1,156.0,3.69,1012.3,354.0,65.0,0
SEN-01,14.8,86.6,216.0,5.43,1009.1,379.0,58.0,0
SEN-03,13.2,74.6,220.0,4.34,1010.0,395.0,17.0,0
SEN-03,19.0,81.0,226.0,2.67,1010.9,362.0,94.0,0
SEN-02,18.3,97.1,236.0,2.73,1008.1,395.0,22.0,0
SEN-03,20.8,77.2,153.0,3.59,1009.5,435.0,73.0,0
SEN-02,19.4,88.4,134.0,3.83,1010.4,408.0,82.0,0
SEN-01,20.0,79.1,179.0,3.0,1009.7,358.0,83.0,0
SEN-01,14.8,91.7,143.0,3.72,1008.8,369.0,27.0,0
SEN-02,13.8,73.7,182.0,0.62,1012.4,397.0,53.0,0
SEN-02,19.5,97.2,200.0,2.65,1012.9,386.0,86.0,0
SEN-03,20.1,82.7,197.0,1.89,1009.5,386.0,41.0,0
SEN-01,21.9,76.6,144.0,1.15,1012.6,403.0,55.0,0
SEN-02,16.1,72.1,108.0,1.0,1010.3,408.0,38.0,0
SEN-01,15.7,74.8,153.0,3.52,1011.0,430.0,54.0,0
SEN-02,19.8,84.6,104.0,3.12,1013.1,384.0,90.0,0
SEN-01,15.4,79.4,231.0,1.77,1012.5,431.0,54.0,0
SEN-03,21.3,93.2,139.0,2.85,1012.8,384.0,62.0,0
SEN-01,20.6,82.1,106.0,2.96,1008.8,356.0,49.0,0
SEN-01,16.3,77.0,84.0,1.48,1008.4,405.0,54.0,0
SEN-01,19.5,87.3,190.0,3.76,1013.4,409.0,16.0,0
SEN-01,19.5,89.8,188.0,4.4,1010.3,443.0,39.0,0
SEN-01,13.0,74.7,138.0,4.46,1009.7,423.0,52.0,0
SEN-03,21.0,74.7,92.0,3.51,1012.3,442.0,69.0,0
SEN-02,17.1,71.0,150.0,3.06,1013.0,441.0,53.0,0
SEN-01,20.3,90.6,133.0,0.81,1013.2,410.0,44.0,0
SEN-03,15.2,88.6,195.0,1.94,1009.9,403.0,48.0,1
SEN-01,21.0,83.3,183.0,0.97,1013.1,406.0,36.0,0
SEN-01,15.9,93.6,142.0,5.32,1008.2,448.0,94.0,1
SEN-02,12.1,92.6,117.0,1.18,1008.3,427.0,59.0,0
SEN-01,21.1,86.4,248.0,1.26,1011.7,361.0,16.0,0
SEN-03,12.9,94.3,157.0,4.95,1008.4,428.0,17.0,0
SEN-03,15.2,75.8,197.0,5.22,1009.9,367.0,98.0,0
SEN-02,21.5,73.1,104.0,4.33,1012.0,395.0,34.0,0
SEN-01,21.5,77.6,163.0,0.53,1010.0,371.0,83.0,0
SEN-03,17.7,71.6,85.0,0.51,1009.1,419.0,20.0,0
SEN-01,18.3,84.9,166.0,2.39,1009.7,438.0,93.0,0
SEN-01,16.5,96.2,244.0,1.22,1010.7,379.0,89.0,1
SEN-01,14.9,71.1,145.0,0.59,1010.9,358.0,64.0,0
SEN-02,15.3,73.4,87.0,2.82,1012.7,380.0,16.0,0
SEN-01,18.7,82.7,85.0,5.22,1012.5,417.0,37.0,0
SEN-03,19.5,96.1,146.0,2.12,1010.7,383.0,50.0,0
SEN-01,19.9,78.9,107.0,3.81,1013.1,378.0,54.0,0
SEN-03,19.9,84.2,84.0,3.76,1008.7,368.0,40.0,0
SEN-01,12.9,71.2,209.0,1.76,1009.5,400.0,18.0,0
SEN-03,16.9,74.2,158.0,3.75,1013.0,378.0,65.0,0
SEN-03,12.6,97.6,129.0,1.56,1010.3,423.0,60.0,0
SEN-01,17.5,97.0,233.0,1.11,1013.9,358.0,39.0,1
SEN-01,16.4,70.1,100.0,4.01,1010.8,416.0,18.0,0
SEN-03,20.9,96.7,243.0,1.07,1012.8,374.0,100.0,0
SEN-02,15.5,87.9,133.0,5.48,1010.4,399.0,56.0,1
SEN-01,13.2,94.3,231.0,1.42,1010.5,379.0,79.0,0
SEN-02,13.4,82.7,183.0,3.47,1010.3,422.0,53.0,0
SEN-01,19.6,84.4,221.0,2.56,1012.3,445.0,19.0,0
SEN-01,18.2,83.7,247.0,1.13,1011.3,442.0,41.0,0
SEN-01,13.0,88.7,129.0,0.64,1013.7,408.0,42.0,0
SEN-01,12.8,73.9,243.0,3.61,1009.5,396.0,86.0,0
SEN-02,19.0,70.8,146.0,4.53,1008.6,432.0,71.0,0
SEN-01,12.7,78.6,146.0,4.71,1010.4,418.0,38.0,0
SEN-03,20.2,89.7,138.0,2.91,1011.7,368.0,97.0,0
SEN-03,19.1,75.7,172.0,4.39,1013.2,432.0,42.0,0
SEN-02,12.8,88.9,106.0,3.86,1010.1,393.0,100.0,0
SEN-01,12.8,97.2,174.0,4.12,1011.9,369.0,100.0,0
SEN-03,21.9,72.6,172.0,2.96,1010.1,378.0,31.0,0
SEN-02,15.7,88.8,210.0,3.67,1011.7,377.0,42.0,1
SEN-01,15.7,82.4,222.0,4.53,1013.3,402.0,56.0,0
SEN-03,20.1,94.3,155.0,2.49,1009.4,373.0,71.0,0
SEN-03,21.5,75.0,131.0,4.53,1010.4,362.0,60.0,0
SEN-02,21.9,89.4,124.0,3.46,1014.0,362.0,97.0,0
SEN-01,19.5,93.5,113.0,1.33,1013.2,408.0,77.0,0
SEN-01,15.8,96.4,90.0,0.62,1011.4,423.0,33.0,1
SEN-03,12.8,89.1,138.0,2.31,1011.1,382.0,24.0,0
SEN-03,19.8,83.9,126.0,3.23,1009.7,353.0,74.0,0
SEN-03,17.6,87.3,244.0,4.7,1011.1,363.0,28.0,1
SEN-01,16.2,94.3,175.0,1.14,1013.1,441.0,82.0,1
SEN-02,21.1,86.0,139.0,4.5,1012.1,399.0,41.0,0
SEN-02,13.1,70.9,179.0,4.82,1009.7,395.0,43.0,0
SEN-01,16.9,96.1,104.0,1.25,1009.2,354.0,16.0,1
SEN-02,12.1,89.3,155.0,4.76,1009.6,423.0,75.0,0
SEN-03,16.7,88.9,186.0,5.46,1009.0,403.0,25.0,1
SEN-02,12.6,76.0,163.0,4.13,1008.6,370.0,81.0,0
SEN-02,13.2,88.4,148.0,4.42,1010.5,361.0,57.0,0
SEN-02,13.2,81.0,249.0,5.47,1008.7,388.0,82.0,0
SEN-03,18.5,88.2,230.0,3.53,1009.0,434.0,65.0,0
SEN-01,19.5,73.0,186.0,2.04,1011.3,437.0,22.0,0
SEN-03,17.8,88.4,177.0,4.69,1009.0,410.0,80.0,1
SEN-01,21.6,98.0,186.0,3.57,1008.4,423.0,21.0,0
SEN-01,15.7,71.3,114.0,3.41,1009.9,362.0,56.0,0
SEN-01,14.9,97.4,147.0,1.77,1009.3,409.0,30.0,0
SEN-02,20.7,81.4,87.0,4.28,1011.1,417.0,79.0,0
SEN-02,14.2,94.4,161.0,0.91,1008.6,370.0,92.0,0
SEN-01,21.6,91.9,172.0,5.12,1012.5,438.0,62.0,0
SEN-01,12.1,85.9,119.0,2.13,1013.4,369.0,60.0,0
SEN-02,21.7,90.7,244.0,1.14,1012.5,381.0,80.0,0
SEN-03,12.4,94.6,235.0,2.71,1011.2,412.0,15.0,0
SEN-01,20.9,81.3,203.0,0.71,1013.2,414.0,93.0,0
SEN-03,17.3,79.2,171.0,3.92,1012.2,420.0,32.0,0
SEN-02,21.9,88.7,228.0,5.01,1008.1,361.0,99.0,0
SEN-01,12.7,92.6,102.0,4.69,1010.4,435.0,78.0,0
SEN-03,17.5,91.3,214.0,1.14,1013.1,403.0,81.0,1
SEN-03,21.7,92.3,101.0,1.13,1010.1,397.0,71.0,0
SEN-03,17.2,82.2,215.0,4.57,1008.2,448.0,55.0,0
SEN-02,18.3,92.9,127.0,5.12,1012.5,424.0,64.0,0
SEN-02,19.0,73.4,229.0,2.8,1012.8,362.0,19.0,0
SEN-03,16.5,85.2,240.0,2.99,1009.0,426.0,68.0,1
SEN-03,18.3,70.2,105.0,2.09,1011.2,360.0,68.0,0
SEN-02,17.8,79.1,159.0,4.97,1009.2,353.0,91.0,0
SEN-03,21.0,80.3,247.0,3.72,1012.3,390.0,58.0,0
SEN-03,12.5,81.1,162.0,1.94,1009.6,449.0,22.0,0
SEN-02,14.8,89.5,227.0,1.99,1009.9,367.0,41.0,0
SEN-03,21.5,80.9,180.0,4.96,1013.1,417.0,71.0,0
SEN-03,20.9,82.6,144.0,0.57,1010.9,367.0,35.0,0
SEN-03,16.6,76.7,129.0,2.11,1012.0,422.0,39.0,0
SEN-02,18.2,80.5,115.0,3.27,1010.4,401.0,85.0,0
SEN-03,14.8,76.4,210.0,1.24,1009.8,418.0,65.0,0
SEN-02,13.9,72.0,146.0,0.96,1011.8,370.0,58.0,0
SEN-02,16.6,86.9,167.0,4.58,1008.9,425.0,42.0,1
SEN-01,15.5,88.7,164.0,4.97,1010.2,450.0,77.0,1
SEN-01,17.8,87.3,178.0,4.62,1009.3,417.0,39.0,1
SEN-03,12.8,83.0,227.0,4.99,1012.2,399.0,78.0,0
SEN-02,21.7,80.6,247.0,3.27,1013.7,442.0,21.0,0
SEN-01,21.9,94.2,149.0,4.56,1014.0,352.0,88.0,0
SEN-03,19.0,84.5,221.0,2.42,1010.7,423.0,57.0,0
SEN-01,17.4,83.4,210.0,3.83,1009.5,439.0,52.0,0
SEN-01,15.1,70.7,177.0,5.44,1010.7,356.0,67.0,0
SEN-02,20.1,79.6,243.0,1.63,1013.1,395.0,68.0,0
SEN-02,18.8,80.6,114.0,2.45,1009.2,370.0,26.0,0
SEN-01,13.6,81.2,99.0,2.9,1013.7,407.0,79.0,0
SEN-01,21.1,86.2,225.0,1.19,1010.1,415.0,38.0,0
SEN-02,20.2,84.9,155.0,0.91,1013.9,380.0,92.0,0
SEN-03,21.5,87.0,224.0,4.65,1013.0,396.0,85.0,0
SEN-02,19.3,91.4,232.0,5.38,1012.9,378.0,44.0,0
SEN-01,18.1,92.8,91.0,2.52,1009.9,387.0,84.0,0
SEN-03,16.2,90.1,230.0,0.94,1008.1,366.0,45.0,1
SEN-01,21.3,96.8,156.0,0.83,1010.3,439.0,24.0,0
SEN-03,20.7,70.5,167.0,4.96,1009.8,351.0,97.0,0
SEN-01,12.5,75.5,187.0,2.82,1008.2,438.0,70.0,0
SEN-03,12.3,70.2,237.0,2.1,1011.0,407.0,54.0,0
SEN-03,15.8,88.1,83.0,2.88,1010.4,383.0,49.0,1
SEN-01,20.1,95.1,161.0,2.09,1011.8,422.0,43.0,0
SEN-03,21.9,76.8,197.0,2.95,1011.7,401.0,98.0,0
SEN-02,13.5,96.0,203.0,4.8,1008.7,400.0,26.0,0
SEN-01,17.9,71.7,198.0,3.46,1013.9,361.0,42.0,0
SEN-02,15.8,96.2,103.0,3.97,1009.1,389.0,56.0,1
SEN-01,21.7,79.8,131.0,2.32,1010.7,374.0,56.0,0
SEN-03,20.4,72.8,141.0,4.19,1010.9,352.0,55.0,0
SEN-03,20.4,83.6,217.0,3.83,1012.9,386.0,30.0,0
SEN-03,16.7,77.2,127.0,1.1,1008.6,359.0,27.0,0
SEN-01,16.1,78.0,116.0,3.36,1010.6,376.0,37.0,0
SEN-02,14.7,78.6,243.0,1.78,1011.8,359.0,93.0,0
SEN-02,12.6,92.5,82.0,4.52,1009.3,360.0,25.0,0
SEN-01,20.6,85.1,250.0,2.63,1011.8,370.0,79.0,0
SEN-01,20.1,78.7,195.0,5.47,1013.5,450.0,79.0,0
SEN-02,22.0,87.1,221.0,0.96,1014.0,350.0,84.0,0
SEN-02,22.0,90.1,130.0,4.4,1008.2,414.0,90.0,0
SEN-02,17.6,77.6,82.0,3.87,1009.4,364.0,37.0,0
SEN-02,19.7,81.6,205.0,4.34,1009.9,442.0,34.0,0
SEN-01,21.4,73.4,222.0,2.04,1010.4,359.0,55.0,0
SEN-01,20.5,75.1,206.0,2.96,1009.5,446.0,38.0,0
SEN-03,14.5,89.1,104.0,4.48,1009.2,411.0,77.0,0
SEN-02,16.5,75.1,208.0,1.66,1013.7,350.0,69.0,0
SEN-03,13.3,84.7,211.0,1.63,1013.5,439.0,89.0,0
SEN-01,21.5,89.9,192.0,3.26,1008.3,402.0,22.0,0
SEN-01,18.1,73.0,210.0,3.12,1010.0,376.0,93.0,0
SEN-03,14.3,85.9,224.0,1.91,1010.4,427.0,40.0,0
SEN-02,18.7,77.2,184.0,1.99,1009.4,443.0,57.0,0
SEN-02,18.2,97.0,95.0,1.89,1011.8,398.0,52.0,0
SEN-02,15.6,83.5,163.0,4.36,1011.8,382.0,80.0,0
SEN-02,13.1,92.6,93.0,3.76,1013.1,429.0,51.0,0
SEN-03,18.7,85.4,149.0,4.66,1012.4,418.0,95.0,0
SEN-03,17.2,71.2,149.0,5.38,1011.3,439.0,92.0,0
SEN-01,19.7,87.7,91.0,2.87,1011.9,419.0,89.0,0
SEN-02,17.2,96.6,139.0,0.83,1009.6,374.0,21.0,1
SEN-02,20.5,86.8,99.0,0.74,1011.6,443.0,88.0,0
SEN-02,17.5,92.9,217.0,1.98,1010.9,360.0,81.0,1
SEN-03,17.6,94.8,241.0,5.16,1008.8,377.0,24.0,1
SEN-02,20.8,76.4,92.0,3.12,1009.5,402.0,24.0,0
SEN-03,16.0,75.9,242.0,1.86,1009.8,407.0,24.0,0
SEN-02,13.3,87.1,169.0,2.5,1013.5,352.0,16.0,0
SEN-02,12.3,81.5,131.0,3.49,1009.4,428.0,62.0,0
SEN-01,19.6,93.5,93.0,3.76,1009.7,386.0,98.0,0
SEN-02,18.2,95.2,165.0,1.27,1010.2,391.0,52.0,0
SEN-02,19.0,79.9,215.0,5.39,1012.0,431.0,61.0,0
SEN-01,14.1,76.6,200.0,3.22,1008.7,388.0,97.0,0
SEN-03,13.4,91.9,89.0,1.18,1013.7,355.0,37.0,0
SEN-03,12.1,77.7,92.0,4.97,1013.2,368.0,88.0,0
SEN-02,15.5,93.0,148.0,0.87,1011.5,446.0,61.0,1
SEN-03,17.9,81.9,130.0,5.04,1012.0,357.0,63.0,0
SEN-02,15.9,88.7,120.0,5.48,1008.1,385.0,44.0,1
SEN-01,16.4,72.7,128.0,4.0,1010.0,400.0,63.0,0
SEN-01,21.0,87.5,217.0,4.35,1012.8,399.0,21.0,0
SEN-02,15.5,82.6,238.0,2.19,1008.5,350.0,80.0,0
SEN-01,17.1,86.4,149.0,5.21,1009.7,400.0,39.0,1
SEN-01,19.8,74.7,234.0,3.15,1011.5,388.0,90.0,0
SEN-02,16.0,90.6,135.0,4.16,1009.5,447.0,46.0,1
SEN-02,18.2,94.2,161.0,5.12,1013.6,366.0,27.0,0
SEN-01,20.6,76.1,118.0,5.38,1008.8,385.0,74.0,0
SEN-03,21.5,72.7,189.0,4.67,1012.8,392.0,29.0,0
SEN-03,13.5,70.7,246.0,2.02,1011.0,389.0,79.0,0
SEN-02,21.3,88.0,183.0,5.33,1012.5,417.0,97.0,0
SEN-02,16.9,87.0,141.0,3.64,1009.9,372.0,81.0,1
SEN-03,14.6,85.3,190.0,5.15,1011.1,372.0,17.0,0
SEN-01,16.6,76.5,101.0,3.88,1013.1,423.0,66.0,0
SEN-03,21.8,80.9,231.0,2.04,1010.8,400.0,74.0,0
SEN-03,16.9,86.6,166.0,2.35,1010.2,392.0,85.0,1
SEN-03,15.3,83.9,156.0,3.25,1011.2,367.0,20.0,0
SEN-03,18.3,97.7,180.0,4.45,1012.3,369.0,56.0,0
SEN-02,14.4,73.8,186.0,2.09,1010.7,351.0,61.0,0
SEN-02,12.8,89.5,92.0,3.4,1013.6,359.0,29.0,0
SEN-01,13.3,81.3,196.0,2.23,1009.8,406.0,42.0,0
SEN-01,13.3,82.0,121.0,4.58,1010.9,439.0,52.0,0
SEN-01,13.5,90.1,201.0,2.83,1012.5,379.0,86.0,0
SEN-01,13.4,89.4,220.0,0.88,1012.1,383.0,94.0,0
SEN-03,18.4,97.8,217.0,1.33,1013.2,362.0,68.0,0
SEN-02,13.8,73.6,174.0,0.81,1014.0,389.0,49.0,0
SEN-02,15.5,72.9,168.0,3.0,1010.6,354.0,37.0,0
SEN-01,21.0,90.3,104.0,1.03,1008.7,442.0,98.0,0
SEN-01,16.7,86.2,212.0,1.07,1008.2,417.0,99.0,1
SEN-03,18.7,77.7,126.0,5.21,1012.4,449.0,94.0,0
SEN-03,13.7,72.2,164.0,4.86,1013.2,438.0,82.0,0
SEN-01,13.9,72.4,128.0,2.76,1009.3,397.0,43.0,0
SEN-02,12.4,95.0,103.0,5.43,1009.0,402.0,84.0,0
SEN-02,13.7,75.4,187.0,0.5,1008.4,369.0,50.0,0
SEN-02,14.8,79.1,89.0,3.57,1012.9,396.0,43.0,0
SEN-01,13.8,76.3,207.0,3.58,1009.9,440.0,78.0,0
SEN-02,12.9,79.9,134.0,2.79,1010.4,355.0,22.0,0
SEN-03,13.2,71.9,80.0,2.48,1011.0,436.0,19.0,0
SEN-03,16.6,84.5,167.0,2.78,1013.0,384.0,53.0,0
SEN-01,14.1,71.9,88.0,2.57,1011.9,440.0,53.0,0
SEN-03,15.6,92.4,127.0,4.15,1011.7,444.0,91.0,1
SEN-01,17.0,76.5,200.0,1.18,1009.1,417.0,26.0,0
SEN-02,18.9,85.1,91.0,1.49,1011.1,416.0,25.0,0
SEN-02,12.4,94.6,223.0,1.4,1012.3,395.0,28.0,0
SEN-02,20.0,88.2,81.0,1.81,1013.8,434.0,18.0,0
SEN-03,18.3,84.9,122.0,3.13,1009.2,446.0,21.0,0
SEN-01,12.8,79.1,206.0,1.06,1008.1,428.0,71.0,0
SEN-02,20.7,79.3,134.0,4.84,1008.5,412.0,52.0,0
SEN-01,21.2,88.7,97.0,1.99,1010.3,411.0,80.0,0
SEN-02,12.6,97.8,141.0,1.31,1012.9,435.0,99.0,0
SEN-03,14.8,88.5,126.0,3.88,1008.0,404.0,71.0,0
SEN-03,20.1,85.6,223.0,0.69,1010.7,430.0,19.0,0
SEN-01,19.5,90.5,133.0,3.6,1010.0,401.0,24.0,0
SEN-03,13.8,83.0,214.0,3.99,1008.3,356.0,90.0,0
SEN-03,14.1,71.7,232.0,1.57,1010.7,388.0,60.0,0
SEN-01,15.7,85.7,154.0,0.71,1009.5,394.0,85.0,1
SEN-02,16.8,96.8,235.0,2.32,1010.1,364.0,88.0,1
SEN-03,18.2,74.9,144.0,0.99,1012.2,360.0,94.0,0
SEN-01,15.7,89.3,244.0,1.08,1011.1,404.0,96.0,1
SEN-03,16.6,75.6,95.0,1.77,1008.7,359.0,62.0,0
SEN-03,19.5,85.0,197.0,1.98,1013.8,380.0,44.0,0
SEN-03,12.4,72.7,164.0,3.15,1011.8,424.0,97.0,0
SEN-03,14.5,82.6,146.0,3.89,1012.6,446.0,62.0,0
SEN-01,19.1,91.2,188.0,3.46,1008.5,422.0,20.0,0
SEN-01,21.0,79.7,200.0,1.24,1008.3,449.0,70.0,0
SEN-01,17.1,88.6,81.0,1.36,1008.1,420.0,65.0,1
SEN-03,17.3,92.3,108.0,4.89,1009.1,379.0,91.0,1
SEN-03,13.1,96.0,201.0,3.29,1010.5,417.0,71.0,0
SEN-03,16.5,76.6,193.0,4.85,1013.6,420.0,45.0,0
SEN-01,17.3,81.2,244.0,2.36,1010.7,387.0,97.0,0
SEN-03,14.4,74.3,209.0,3.57,1009.7,352.0,83.0,0
SEN-02,14.7,97.8,242.0,3.12,1011.4,420.0,69.0,0
SEN-03,15.8,96.0,199.0,2.1,1008.7,352.0,40.0,1
SEN-02,12.2,85.1,131.0,2.85,1011.7,413.0,47.0,0
SEN-03,15.2,93.6,98.0,3.01,1011.4,366.0,72.0,1
SEN-01,14.1,84.6,213.0,1.5,1012.8,407.0,21.0,0
SEN-03,15.3,87.5,190.0,2.08,1013.9,400.0,37.0,1
SEN-02,13.2,72.5,88.0,4.46,1009.5,351.0,76.0,0
SEN-02,20.9,91.1,141.0,5.08,1011.1,386.0,56.0,0
SEN-03,17.9,73.6,243.0,2.3,1013.5,410.0,49.0,0
SEN-02,18.8,93.1,165.0,2.03,1012.7,435.0,28.0,0
SEN-02,19.9,91.9,154.0,1.48,1010.9,439.0,53.0,0
SEN-01,17.0,89.8,158.0,3.89,1013.7,398.0,81.0,1
SEN-03,12.9,71.0,116.0,2.12,1008.3,423.0,37.0,0
SEN-03,17.4,78.5,143.0,5.44,1013.6,382.0,15.0,0
SEN-03,17.9,77.4,143.0,2.13,1008.3,384.0,72.0,0
SEN-02,19.5,80.1,89.0,2.47,1011.3,369.0,98.0,0
SEN-03,16.3,72.5,210.0,3.52,1013.3,406.0,67.0,0
SEN-03,13.3,96.2,151.0,4.51,1009.6,381.0,25.0,0
SEN-01,14.8,85.5,220.0,2.85,1010.8,358.0,42.0,0
SEN-01,15.6,78.6,225.0,2.61,1009.9,419.0,89.0,0
SEN-01,18.5,81.1,116.0,5.48,1013.7,421.0,35.0,0
SEN-02,17.7,82.5,192.0,0.55,1012.9,386.0,67.0,0
SEN-03,15.6,86.8,160.0,4.98,1012.3,358.0,49.0,1
SEN-01,21.9,84.4,230.0,1.25,1011.5,393.0,33.0,0
SEN-01,18.1,95.7,117.0,4.43,1012.9,394.0,84.0,0
SEN-01,14.4,83.9,195.0,3.59,1010.4,417.0,78.0,0
SEN-03,13.0,97.8,183.0,2.21,1010.7,382.0,71.0,0
SEN-03,13.5,93.8,130.0,4.87,1012.4,418.0,35.0,0
SEN-03,14.5,75.8,103.0,0.56,1010.1,437.0,23.0,0
SEN-02,13.6,96.1,191.0,1.63,1008.4,374.0,64.0,0
SEN-02,13.9,73.3,206.0,3.33,1008.4,448.0,62.0,0
SEN-01,14.9,92.9,134.0,2.26,1008.7,389.0,31.0,0
SEN-03,13.7,80.7,190.0,3.55,1013.2,377.0,20.0,0
SEN-01,21.0,94.6,147.0,0.62,1010.8,392.0,22.0,0
SEN-03,12.8,94.3,201.0,1.08,1012.3,359.0,99.0,0
SEN-03,17.2,92.6,114.0,1.14,1010.4,363.0,82.0,1
SEN-03,16.1,92.1,231.0,1.45,1009.6,391.0,93.0,1
SEN-02,21.8,78.5,129.0,2.8,1010.1,426.0,32.0,0
SEN-02,13.1,72.3,143.0,4.26,1012.8,440.0,97.0,0
SEN-03,16.0,81.3,90.0,5.03,1011.8,416.0,27.0,0
SEN-01,21.7,74.9,99.0,4.68,1013.6,361.0,58.0,0
SEN-03,20.7,89.5,168.0,1.48,1012.1,417.0,86.0,0
SEN-03,20.2,79.7,125.0,2.71,1011.4,414.0,45.0,0
SEN-01,14.6,97.3,222.0,1.5,1011.7,431.0,51.0,0
SEN-03,13.7,87.9,82.0,1.82,1013.7,433.0,26.0,0
SEN-01,18.7,93.0,144.0,3.02,1012.7,437.0,25.0,0
SEN-02,21.3,73.7,137.0,0.84,1008.1,391.0,68.0,0
SEN-02,17.6,94.1,83.0,1.59,1011.2,420.0,72.0,1
SEN-01,17.7,95.8,101.0,5.18,1012.1,377.0,81.0,1
SEN-02,14.8,83.6,150.0,2.83,1012.5,450.0,62.0,0
SEN-02,19.7,87.0,164.0,2.73,1009.3,368.0,70.0,0
SEN-01,13.9,91.4,149.0,0.57,1013.2,351.0,16.0,0
SEN-02,15.2,74.9,170.0,1.74,1013.7,365.0,29.0,0
SEN-03,16.3,84.1,181.0,4.83,1009.4,428.0,99.0,0
SEN-03,17.1,81.2,82.0,1.32,1013.3,395.0,21.0,0
SEN-01,14.4,74.1,159.0,2.58,1008.6,395.0,73.0,0
SEN-02,13.1,80.3,244.0,0.57,1008.3,446.0,30.0,0
SEN-03,18.1,71.9,168.0,2.89,1008.8,442.0,76.0,0
SEN-03,14.9,70.7,195.0,0.61,1008.3,381.0,75.0,0
SEN-02,17.8,73.8,133.0,4.6,1013.1,371.0,35.0,0
SEN-02,13.5,97.0,212.0,4.62,1008.4,435.0,38.0,0
SEN-03,16.8,85.4,211.0,4.44,1009.6,441.0,71.0,1
SEN-03,17.3,97.0,169.0,1.92,1008.6,404.0,48.0,1
SEN-01,12.5,82.1,246.0,4.69,1009.8,413.0,32.0,0
SEN-01,15.4,78.7,101.0,3.21,1008.5,376.0,77.0,0
SEN-03,13.3,84.2,83.0,2.37,1012.0,430.0,28.0,0
SEN-01,12.6,82.3,211.0,3.63,1008.8,413.0,88.0,0
SEN-03,21.9,73.0,217.0,0.56,1013.1,400.0,59.0,0
SEN-03,15.2,87.9,100.0,1.21,1012.9,356.0,24.0,1
SEN-01,20.1,76.0,125.0,4.21,1008.1,442.0,74.0,0
SEN-01,14.5,87.3,83.0,1.72,1013.4,412.0,59.0,0
SEN-02,18.8,88.2,130.0,3.49,1008.2,369.0,40.0,0
SEN-02,19.6,74.3,211.0,2.43,1009.4,411.0,51.0,0
SEN-02,18.0,71.7,168.0,4.77,1008.2,418.0,40.0,0
SEN-03,16.7,91.9,139.0,5.26,1010.0,403.0,37.0,1
SEN-01,16.1,82.9,143.0,4.92,1011.1,422.0,29.0,0
SEN-03,15.5,71.6,80.0,1.85,1012.8,408.0,46.0,0
SEN-01,21.3,97.9,131.0,1.47,1010.0,445.0,36.0,0
SEN-03,20.3,71.6,190.0,2.87,1012.2,355.0,73.0,0
SEN-02,21.7,89.5,246.0,0.54,1009.1,361.0,73.0,0
SEN-02,13.2,97.5,224.0,0.63,1012.5,367.0,58.0,0
SEN-02,19.3,76.7,84.0,3.27,1009.4,419.0,81.0,0
SEN-03,21.4,74.0,233.0,3.1,1008.9,415.0,87.0,0
SEN-01,13.8,73.4,213.0,5.47,1009.1,439.0,64.0,0
SEN-01,12.7,78.5,213.0,1.51,1009.1,423.0,68.0,0
SEN-02,19.4,72.8,158.0,1.79,1011.1,401.0,39.0,0
SEN-02,17.7,89.4,148.0,1.07,1013.1,449.0,91.0,1
SEN-02,20.4,71.7,131.0,5.09,1008.5,377.0,17.0,0
SEN-02,13.4,84.3,91.0,4.39,1012.2,433.0,45.0,0
SEN-01,20.0,97.9,119.0,4.61,1011.9,393.0,76.0,0
SEN-03,14.0,92.8,122.0,5.01,1013.2,415.0,22.0,0
SEN-03,13.6,87.2,162.0,3.12,1009.5,423.0,31.0,0
SEN-03,13.6,78.6,207.0,2.76,1010.7,413.0,65.0,0
SEN-03,20.1,87.5,161.0,2.15,1013.6,364.0,63.0,0
SEN-02,18.7,84.8,90.0,3.45,1012.0,394.0,78.0,0
SEN-02,17.2,81.9,243.0,2.77,1010.3,406.0,84.0,0
SEN-02,15.6,73.7,240.0,2.76,1008.8,435.0,26.0,0
SEN-03,20.8,94.8,213.0,5.18,1009.6,394.0,17.0,0
SEN-02,15.9,82.6,249.0,5.42,1011.5,442.0,74.0,0
SEN-02,20.2,75.4,173.0,4.48,1012.3,394.0,41.0,0
SEN-01,16.4,80.3,244.0,4.28,1008.7,405.0,68.0,0
SEN-01,15.8,81.6,93.0,3.9,1011.6,430.0,28.0,0
SEN-02,16.6,93.2,142.0,1.33,1011.3,408.0,55.0,1
SEN-01,15.0,90.5,118.0,0.8,1011.1,446.0,58.0,1
SEN-01,19.5,91.5,113.0,3.95,1012.1,416.0,65.0,0
SEN-02,17.0,70.3,104.0,4.14,1013.0,402.0,59.0,0
SEN-02,14.3,81.7,186.0,0.73,1009.9,352.0,57.0,0
SEN-02,21.0,83.5,213.0,5.14,1013.3,391.0,43.0,0
SEN-02,15.8,70.5,178.0,0.96,1009.0,380.0,21.0,0
SEN-03,17.4,77.3,105.0,1.93,1009.0,425.0,23.0,0
SEN-03,21.1,91.3,218.0,3.86,1009.6,371.0,52.0,0
SEN-02,18.2,73.8,188.0,1.35,1008.7,371.0,45.0,0
SEN-01,13.2,85.0,146.0,0.78,1009.4,369.0,59.0,0
SEN-02,21.4,76.0,195.0,2.16,1008.6,363.0,41.0,0
SEN-02,18.3,70.3,124.0,4.33,1012.9,381.0,73.0,0
SEN-01,15.3,76.8,139.0,2.57,1008.8,439.0,88.0,0
SEN-03,13.4,97.3,236.0,3.76,1012.5,427.0,40.0,0
SEN-02,19.9,92.4,129.0,3.4,1008.3,424.0,31.0,0
SEN-02,18.2,96.9,160.0,0.61,1013.7,430.0,25.0,0
SEN-03,17.3,83.7,231.0,5.44,1012.3,377.0,67.0,0
SEN-03,20.9,73.1,200.0,0.71,1008.0,439.0,53.0,0
SEN-01,19.9,85.3,91.0,5.34,1012.6,364.0,31.0,0
SEN-03,13.5,82.7,105.0,3.25,1011.1,384.0,71.0,0
SEN-03,15.1,93.6,81.0,5.32,1012.7,409.0,28.0,1
SEN-03,14.5,72.7,187.0,1.07,1011.1,360.0,62.0,0
SEN-01,19.4,83.7,156.0,2.95,1011.8,423.0,60.0,0
SEN-03,12.3,74.2,103.0,1.35,1012.7,389.0,77.0,0
SEN-03,17.7,79.1,243.0,0.75,1010.4,428.0,20.0,0
SEN-01,19.6,90.6,170.0,3.59,1008.0,399.0,90.0,0
SEN-03,20.8,83.3,121.0,1.54,1013.1,368.0,75.0,0
SEN-03,15.4,80.5,165.0,3.44,1010.3,423.0,33.0,0
SEN-01,20.2,81.0,196.0,1.06,1011.0,375.0,31.0,0
SEN-02,13.1,82.9,93.0,2.16,1008.0,399.0,52.0,0
SEN-01,20.5,92.0,127.0,4.41,1011.0,358.0,84.0,0
SEN-03,13.3,95.0,217.0,2.69,1013.9,412.0,87.0,0
SEN-03,16.0,96.7,158.0,3.64,1009.7,417.0,59.0,1
SEN-03,20.0,92.0,173.0,3.74,1010.4,388.0,88.0,0
SEN-01,13.5,78.8,154.0,4.72,1012.1,445.0,15.0,0
SEN-03,14.3,89.3,87.0,2.12,1012.9,437.0,18.0,0
SEN-03,19.2,82.3,108.0,3.94,1010.5,421.0,93.0,0
SEN-01,19.2,77.1,156.0,5.31,1009.9,421.0,81.0,0
SEN-02,18.4,93.5,116.0,4.15,1013.6,375.0,53.0,0
SEN-02,18.9,71.1,88.0,2.95,1012.1,416.0,79.0,0
SEN-03,17.4,95.2,223.0,3.65,1008.7,370.0,96.0,1
SEN-01,14.5,82.9,247.0,4.2,1008.4,364.0,81.0,0
SEN-03,15.5,87.8,215.0,3.56,1010.9,450.0,87.0,1
SEN-01,13.8,88.5,225.0,0.58,1009.3,412.0,80.0,0
SEN-01,21.1,95.1,121.0,1.47,1009.5,393.0,29.0,0
SEN-02,17.8,87.8,243.0,4.55,1013.3,379.0,86.0,1
SEN-02,16.0,87.2,113.0,1.86,1008.5,410.0,32.0,1
SEN-01,16.6,71.9,242.0,4.16,1012.3,355.0,91.0,0
SEN-03,21.5,84.5,249.0,2.36,1009.6,359.0,54.0,0
SEN-02,13.5,74.2,201.0,3.11,1012.6,353.0,73.0,0
SEN-03,17.9,90.6,247.0,0.84,1012.3,400.0,57.0,1
SEN-02,17.1,84.3,177.0,1.41,1008.0,410.0,23.0,0
SEN-02,18.1,89.0,124.0,5.29,1011.1,356.0,40.0,0
SEN-03,12.2,71.2,154.0,4.95,1008.8,422.0,99.0,0
SEN-02,20.7,72.4,181.0,3.76,1013.2,373.0,97.0,0
SEN-02,21.3,90.1,92.0,2.8,1013.2,419.0,42.0,0
SEN-03,17.7,72.0,186.0,3.88,1010.5,448.0,100.0,0
SEN-02,19.0,72.0,247.0,3.59,1010.7,419.0,87.0,0
SEN-02,21.2,70.3,112.0,3.34,1009.8,438.0,67.0,0
SEN-02,19.1,96.8,215.0,0.8,1012.3,445.0,18.0,0
SEN-03,13.5,90.7,234.0,3.66,1010.2,399.0,92.0,0
SEN-01,17.8,79.9,240.0,4.34,1009.6,420.0,62.0,0
SEN-03,18.1,78.3,243.0,5.47,1010.6,435.0,89.0,0
SEN-01,16.2,79.8,169.0,0.56,1008.5,386.0,86.0,0
SEN-02,19.4,91.7,246.0,4.15,1012.5,376.0,86.0,0
SEN-01,21.3,88.5,209.0,3.36,1008.1,445.0,74.0,0
SEN-03,21.3,75.2,107.0,2.67,1011.9,423.0,40.0,0
SEN-03,16.5,74.9,161.0,1.14,1009.1,372.0,44.0,0
SEN-02,13.1,72.8,202.0,2.55,1009.4,395.0,41.0,0
SEN-01,21.8,88.5,122.0,2.27,1011.8,430.0,17.0,0
SEN-02,20.4,91.4,189.0,2.01,1014.0,405.0,65.0,0
SEN-02,13.2,77.4,193.0,4.15,1012.7,415.0,74.0,0
SEN-03,21.2,70.6,108.0,4.0,1009.4,425.0,88.0,0
SEN-01,20.7,72.3,176.0,3.45,1009.1,412.0,27.0,0
SEN-01,17.2,97.1,211.0,5.19,1013.2,404.0,61.0,1
SEN-01,17.9,78.3,165.0,2.25,1010.7,425.0,16.0,0
SEN-01,16.0,91.5,82.0,1.72,1008.8,423.0,23.0,1
SEN-02,12.5,87.5,82.0,3.78,1013.2,413.0,20.0,0
SEN-02,15.4,80.7,141.0,1.49,1012.9,386.0,77.0,0
SEN-03,20.0,75.8,237.0,2.08,1013.9,391.0,22.0,0
SEN-02,12.0,73.4,119.0,1.62,1013.5,447.0,76.0,0
SEN-02,15.3,87.2,188.0,0.85,1013.1,361.0,36.0,1
SEN-03,16.0,91.7,118.0,4.64,1008.3,377.0,90.0,1
SEN-03,17.4,88.0,135.0,1.77,1008.6,399.0,84.0,1
SEN-03,21.2,84.8,224.0,2.87,1011.4,434.0,96.0,0
SEN-02,15.5,71.2,204.0,0.72,1011.2,366.0,90.0,0
SEN-02,15.5,97.1,96.0,4.0,1010.7,378.0,94.0,1
SEN-03,19.4,92.4,153.0,2.15,1010.4,357.0,88.0,0
SEN-03,16.5,78.2,85.0,4.22,1010.6,421.0,74.0,0
SEN-03,14.2,97.4,162.0,2.56,1011.4,374.0,29.0,0
SEN-02,16.5,86.9,193.0,1.48,1008.0,389.0,38.0,1
SEN-02,13.4,86.3,100.0,3.07,1009.6,394.0,33.0,0
SEN-01,13.8,90.9,129.0,1.15,1011.1,439.0,66.0,0
SEN-02,17.0,92.7,148.0,2.7,1012.3,391.0,58.0,1
SEN-02,16.2,88.4,236.0,2.09,1009.0,365.0,89.0,1
SEN-02,21.1,73.6,249.0,5.06,1011.3,402.0,96.0,0
SEN-03,15.6,79.5,88.0,0.8,1012.3,446.0,49.0,0
SEN-02,17.8,96.0,209.0,3.97,1010.7,411.0,58.0,1
SEN-03,18.3,76.3,143.0,1.41,1008.2,448.0,98.0,0
SEN-01,12.1,80.4,147.0,2.1,1010.7,434.0,38.0,0
SEN-01,18.6,82.1,208.0,2.58,1009.8,354.0,82.0,0
SEN-03,13.8,82.3,236.0,5.04,1013.6,416.0,34.0,0
SEN-03,21.6,87.2,242.0,1.71,1008.7,379.0,73.0,0
SEN-03,13.5,96.4,178.0,0.96,1011.9,406.0,37.0,0
SEN-02,16.1,76.7,141.0,2.09,1008.3,378.0,90.0,0
SEN-01,12.9,73.4,214.0,1.02,1010.7,385.0,63.0,0
SEN-03,22.0,75.5,123.0,1.14,1011.3,442.0,31.0,0
SEN-02,17.0,94.8,176.0,3.37,1009.8,371.0,34.0,1
SEN-01,18.0,88.1,141.0,0.8,1010.7,437.0,57.0,1
SEN-02,12.7,78.0,192.0,0.65,1009.0,353.0,97.0,0
SEN-01,19.5,92.8,121.0,4.07,1009.8,359.0,80.0,0
SEN-02,14.1,94.1,113.0,2.31,1011.7,435.0,57.0,0
SEN-01,21.0,93.7,236.0,1.13,1009.8,413.0,44.0,0
SEN-01,14.1,95.7,97.0,1.77,1013.4,425.0,62.0,0
SEN-02,13.9,77.1,166.0,3.71,1011.8,371.0,79.0,0
SEN-03,12.4,91.1,118.0,1.88,1010.6,404.0,82.0,0
SEN-01,16.7,82.9,87.0,2.97,1008.2,424.0,43.0,0
SEN-03,17.6,93.6,86.0,1.11,1011.0,413.0,76.0,1
SEN-02,12.7,90.4,110.0,3.44,1012.6,397.0,71.0,0
SEN-03,19.8,91.7,227.0,2.08,1009.6,446.0,97.0,0
SEN-03,16.5,88.4,128.0,3.63,1012.8,418.0,94.0,1
SEN-03,17.2,75.0,242.0,4.54,1009.5,441.0,82.0,0
SEN-03,16.4,85.3,179.0,3.56,1012.9,423.0,76.0,1
SEN-03,16.0,97.6,154.0,1.98,1008.5,424.0,38.0,1
SEN-01,17.6,96.2,179.0,1.78,1013.2,358.0,87.0,1
SEN-01,13.6,71.2,168.0,2.14,1011.0,386.0,51.0,0
SEN-01,13.8,74.6,209.0,1.32,1009.8,436.0,38.0,0
SEN-02,20.6,73.7,128.0,1.41,1009.6,373.0,48.0,0
SEN-03,21.5,90.3,140.0,4.45,1010.6,362.0,86.0,0
SEN-01,15.7,92.9,232.0,2.42,1014.0,383.0,28.0,1
SEN-02,14.7,76.0,241.0,2.68,1009.3,372.0,54.0,0
SEN-01,18.4,84.2,232.0,3.47,1008.6,443.0,57.0,0
SEN-01,16.1,93.5,151.0,3.45,1011.5,437.0,18.0,1
SEN-03,12.3,90.5,213.0,0.84,1010.9,400.0,32.0,0
SEN-02,13.6,85.2,161.0,4.66,1011.1,356.0,85.0,0
SEN-03,19.2,86.5,165.0,1.39,1012.0,421.0,86.0,0
SEN-03,18.6,84.2,115.0,4.12,1009.6,412.0,40.0,0
SEN-01,12.3,78.3,180.0,4.36,1013.5,447.0,89.0,0
SEN-03,14.2,85.8,112.0,4.07,1010.6,406.0,81.0,0
SEN-02,14.3,89.3,136.0,3.39,1008.8,384.0,51.0,0
SEN-03,18.7,94.5,225.0,0.57,1012.5,402.0,79.0,0
SEN-03,12.2,87.8,115.0,2.3,1011.9,448.0,97.0,0
SEN-03,13.0,91.3,92.0,3.52,1009.9,420.0,54.0,0
SEN-01,20.0,74.5,92.0,2.44,1011.7,417.0,35.0,0
SEN-02,13.8,82.9,240.0,4.82,1009.3,374.0,95.0,0
SEN-01,18.5,70.3,166.0,2.04,1010.7,424.0,66.0,0
SEN-01,14.4,76.9,150.0,1.97,1013.4,425.0,24.0,0
SEN-01,13.0,90.3,218.0,1.83,1008.8,382.0,64.0,0
SEN-01,14.4,97.8,222.0,2.16,1010.3,398.0,58.0,0
SEN-01,19.2,72.8,136.0,3.29,1012.9,379.0,88.0,0
SEN-02,20.6,81.2,198.0,4.04,1013.8,376.0,60.0,0
SEN-03,20.3,92.4,211.0,3.81,1010.7,353.0,37.0,0
SEN-01,16.0,75.7,191.0,4.54,1011.0,379.0,72.0,0
SEN-01,18.7,85.5,106.0,4.93,1011.4,405.0,61.0,0
SEN-02,14.0,90.5,229.0,4.58,1013.6,350.0,35.0,0
SEN-02,14.9,87.2,172.0,0.59,1013.1,378.0,64.0,0
SEN-03,21.0,75.3,128.0,4.18,1009.0,438.0,85.0,0
SEN-02,12.1,80.0,152.0,1.54,1010.6,409.0,17.0,0
SEN-03,12.9,91.9,86.0,1.16,1010.8,411.0,69.0,0
SEN-01,14.1,85.5,102.0,3.69,1012.7,390.0,45.0,0
SEN-01,12.3,70.1,210.0,2.1,1011.6,418.0,40.0,0
SEN-03,13.8,91.3,80.0,0.79,1011.9,369.0,48.0,0
SEN-02,17.8,71.0,151.0,1.19,1014.0,432.0,44.0,0
SEN-03,16.2,90.9,169.0,0.5,1008.4,362.0,86.0,1
SEN-02,20.9,75.7,89.0,5.02,1009.3,416.0,38.0,0
SEN-01,20.2,96.8,245.0,0.62,1010.4,384.0,77.0,0
SEN-02,15.4,80.3,118.0,1.55,1010.1,425.0,23.0,0
SEN-03,14.6,79.2,132.0,2.58,1008.1,405.0,96.0,0
SEN-03,15.8,74.2,132.0,2.28,1008.6,395.0,68.0,0
SEN-01,17.9,78.6,119.0,5.06,1012.1,367.0,75.0,0
SEN-02,14.7,94.5,80.0,0.7,1013.3,414.0,40.0,0
SEN-02,18.2,97.9,204.0,3.06,1011.1,447.0,50.0,0
SEN-02,16.1,80.3,244.0,3.9,1011.2,433.0,34.0,0
SEN-01,17.5,82.6,118.0,5.16,1009.5,356.0,94.0,0
SEN-02,16.4,90.2,193.0,3.6,1012.6,388.0,56.0,1
SEN-03,14.9,94.8,206.0,4.52,1012.5,443.0,69.0,0
SEN-02,21.5,86.6,224.0,0.92,1011.5,400.0,77.0,0
SEN-01,19.6,81.0,152.0,2.43,1009.3,416.0,47.0,0
SEN-02,13.4,81.6,131.0,2.37,1008.6,441.0,76.0,0
SEN-02,20.7,89.5,135.0,4.93,1008.4,437.0,72.0,0
SEN-03,16.9,70.1,201.0,1.26,1011.6,400.0,75.0,0
SEN-02,20.9,87.3,219.0,1.26,1013.0,394.0,57.0,0
SEN-03,20.0,80.0,111.0,2.14,1013.1,384.0,48.0,0
SEN-03,16.3,92.2,143.0,0.77,1010.8,422.0,34.0,1
SEN-01,12.2,72.6,233.0,1.41,1012.7,379.0,85.0,0
SEN-03,14.7,86.5,217.0,5.33,1013.7,375.0,67.0,0
SEN-03,17.4,83.5,247.0,2.64,1009.7,386.0,53.0,0
SEN-01,18.3,88.0,208.0,3.66,1010.4,368.0,95.0,0
SEN-03,14.6,71.8,147.0,4.13,1013.6,420.0,19.0,0
SEN-01,13.4,86.2,180.0,2.33,1010.0,412.0,87.0,0
SEN-02,20.3,85.7,192.0,1.24,1013.5,398.0,100.0,0
SEN-01,21.8,85.7,93.0,1.53,1013.9,389.0,90.0,0
SEN-03,17.3,86.9,173.0,2.07,1012.0,441.0,84.0,1
SEN-01,13.7,88.9,201.0,3.68,1012.9,353.0,47.0,0
SEN-03,14.7,92.5,108.0,2.49,1012.5,427.0,35.0,0
SEN-02,12.2,77.6,213.0,0.53,1012.2,440.0,77.0,0
SEN-01,21.1,93.1,179.0,3.12,1009.8,395.0,41.0,0
SEN-02,13.2,84.0,242.0,5.11,1008.3,405.0,30.0,0
SEN-03,17.8,72.2,87.0,4.56,1010.1,444.0,82.0,0
SEN-03,14.7,71.6,125.0,4.63,1012.0,371.0,42.0,0
SEN-02,17.5,79.4,182.0,4.48,1008.6,402.0,93.0,0
SEN-01,18.5,92.0,130.0,2.12,1008.1,397.0,86.0,0
SEN-01,20.3,89.8,201.0,4.33,1008.8,376.0,87.0,0
SEN-03,14.1,92.1,209.0,1.22,1012.3,432.0,81.0,0
SEN-02,12.1,84.5,97.0,3.79,1013.8,440.0,90.0,0
SEN-02,13.4,82.3,167.0,3.71,1013.9,428.0,83.0,0
SEN-01,21.0,74.1,167.0,0.63,1011.0,370.0,66.0,0
SEN-01,20.7,79.2,143.0,4.44,1013.2,359.0,40.0,0
SEN-01,18.0,82.2,239.0,5.02,1012.4,411.0,90.0,0
SEN-02,18.0,72.5,221.0,1.84,1011.0,356.0,86.0,0
SEN-01,18.7,76.2,199.0,4.56,1011.4,417.0,55.0,0
SEN-01,13.8,86.8,201.0,0.91,1008.8,403.0,18.0,0
SEN-03,21.1,90.6,158.0,3.5,1013.6,416.0,69.0,0
SEN-01,16.2,98.0,237.0,2.93,1010.1,409.0,19.0,1
SEN-01,15.8,96.1,198.0,3.23,1010.7,392.0,94.0,1
SEN-02,17.2,88.0,204.0,5.13,1012.0,370.0,97.0,1
SEN-02,12.5,81.8,226.0,4.86,1010.0,381.0,31.0,0
SEN-03,13.7,87.8,127.0,4.43,1009.5,402.0,72.0,0
SEN-01,19.4,92.0,217.0,1.87,1011.8,415.0,23.0,0
SEN-03,12.8,73.3,113.0,5.06,1008.1,428.0,77.0,0
SEN-02,18.0,81.5,139.0,0.99,1012.3,427.0,45.0,0
SEN-03,14.5,93.5,137.0,4.77,1011.1,447.0,73.0,0
SEN-02,15.9,80.7,246.0,2.14,1011.6,379.0,47.0,0
SEN-03,14.9,86.0,226.0,0.77,1011.8,357.0,27.0,0
SEN-03,15.6,86.5,199.0,3.85,1011.2,385.0,50.0,1
SEN-01,19.2,75.2,204.0,1.66,1011.5,424.0,25.0,0
SEN-03,15.0,80.1,176.0,1.72,1012.1,394.0,64.0,0
SEN-01,17.7,79.4,241.0,2.03,1012.5,432.0,18.0,0
SEN-01,16.8,70.7,164.0,0.82,1012.4,405.0,60.0,0
SEN-01,18.6,70.7,145.0,1.39,1013.2,443.0,90.0,0
SEN-01,21.4,93.3,108.0,0.53,1009.1,445.0,86.0,0
SEN-03,19.3,77.6,214.0,2.73,1010.4,357.0,90.0,0
SEN-02,14.1,84.5,205.0,0.92,1013.7,396.0,93.0,0
SEN-02,12.3,78.4,145.0,3.91,1010.4,411.0,24.0,0
SEN-02,14.6,96.3,84.0,1.68,1008.7,376.0,26.0,0
SEN-03,18.0,77.3,223.0,5.22,1011.2,391.0,62.0,0
SEN-01,12.5,82.0,82.0,4.86,1008.7,418.0,91.0,0
SEN-02,17.0,94.4,200.0,1.95,1009.2,373.0,98.0,1
SEN-03,18.0,93.6,245.0,4.42,1014.0,410.0,19.0,1
SEN-01,15.3,75.2,154.0,4.52,1011.2,420.0,45.0,0
SEN-02,19.7,92.5,120.0,5.43,1009.7,359.0,33.0,0
SEN-01,13.1,82.8,200.0,3.49,1014.0,400.0,79.0,0
SEN-02,12.8,83.5,219.0,0.91,1013.8,376.0,69.0,0
SEN-02,19.3,73.7,173.0,3.73,1010.6,422.0,25.0,0
SEN-02,17.0,72.3,244.0,3.62,1009.6,369.0,56.0,0
SEN-01,18.9,90.4,89.0,3.69,1013.0,439.0,73.0,0
SEN-03,16.3,83.9,166.0,2.04,1012.3,393.0,81.0,0
SEN-01,14.5,82.2,202.0,4.8,1012.1,370.0,17.0,0
SEN-02,20.2,90.4,227.0,5.3,1013.4,394.0,91.0,0
SEN-01,20.0,91.4,110.0,1.59,1012.1,391.0,63.0,0
SEN-03,18.9,74.4,216.0,0.94,1009.7,393.0,84.0,0
SEN-01,14.7,87.1,174.0,1.47,1012.2,409.0,84.0,0
SEN-03,17.9,73.8,147.0,4.6,1009.8,402.0,31.0,0
SEN-03,15.6,91.0,102.0,3.88,1012.6,365.0,24.0,1
SEN-01,12.9,88.4,227.0,3.68,1011.7,357.0,76.0,0
SEN-02,21.2,96.8,107.0,2.51,1008.5,423.0,28.0,0
SEN-03,13.4,71.9,133.0,3.39,1011.1,406.0,87.0,0
SEN-01,21.5,71.6,129.0,2.04,1010.1,386.0,77.0,0
SEN-03,16.5,77.9,228.0,2.89,1010.0,431.0,87.0,0
